"","Id","wC","cC","adobe","and","applicationp","are","catch","codepre","create","database","first","generated","looks","new","one","only","pive","queries","seems","table","that","the","there","this","trole","try","using","want","way","written","charCount","any","better","good","its","really","specific","with","for.","merging","anyone","but","creating","default","experience","file","ill","into","need","y1","y2","y3","y4","y5","y6","y7","y8","y9","y10","y11","y12","y13","y14","y15","y16","y17","y18","y19","y20","y21","y22","y23"
"1",80,300,1999,1,1,1,1,1,2,2,1,1,1,1,3,2,2,1,2,1,3,1,4,1,1,1,1,1,1,1,1,1999,0,0,0,0,0,0,0,0,0,0,0,0,0,0,0,0,0,0,0,0,0,0,0,0,0,0,0,0,0,0,0,0,0,0,0,0,0,0,0,1,0
"2",90,31,302,0,2,0,0,0,0,0,0,0,0,0,0,0,0,0,0,0,0,0,1,1,0,0,0,0,0,0,0,302,1,1,2,1,1,1,1,1,1,0,0,0,0,0,0,0,0,0,0,0,0,0,0,0,0,0,0,0,0,0,0,0,0,0,0,0,0,0,0,0,0
"3",120,57,448,0,2,0,0,0,0,1,0,0,0,0,0,0,0,1,0,0,0,0,3,0,0,0,0,0,0,1,0,448,0,0,0,0,0,0,1,1,0,1,1,1,1,1,1,1,1,2,0,1,0,1,0,0,0,0,0,0,0,0,0,0,0,0,0,0,0,0,0,2,22
"4",180,46,294,0,1,0,1,0,0,0,0,0,0,0,0,0,0,0,0,0,0,1,1,0,0,0,0,0,0,1,0,294,0,0,0,0,0,0,2,1,0,0,0,1,0,0,0,0,0,0,0,0,0,0,1,0,0,0,0,0,0,0,0,0,0,0,0,0,0,0,0,0,0
"5",260,175,1241,0,5,0,1,0,1,0,3,1,0,0,1,0,0,0,0,0,0,3,8,0,0,0,0,0,0,0,1,1241,2,0,0,2,0,0,0,1,0,0,1,0,0,0,1,1,0,0,0,0,0,1,0,0,0,0,0,0,0,0,0,0,0,1,0,0,1,1,0,1,41
"6",330,174,1063,0,5,0,3,0,0,0,0,0,0,0,1,1,0,0,0,0,0,1,9,1,1,0,0,1,1,0,0,1063,1,0,1,0,1,0,1,2,0,0,1,0,0,0,0,0,0,0,0,0,0,0,1,1,0,0,0,0,0,0,0,0,0,0,0,0,1,1,0,1,51
"7",470,57,354,0,0,0,0,0,0,0,0,0,1,0,0,0,0,1,0,0,0,0,3,2,0,0,0,1,0,0,0,354,0,0,0,0,0,0,0,2,0,0,0,0,0,0,0,0,0,0,0,0,0,1,0,0,0,0,0,0,0,0,0,0,0,0,0,0,0,0,0,3,43
"8",580,254,1604,0,5,0,1,0,0,1,4,0,0,0,0,1,0,0,1,1,2,4,13,2,2,0,0,1,0,0,0,1604,0,0,0,0,0,0,2,1,0,0,2,1,0,0,1,0,2,1,0,1,0,0,0,0,0,0,0,0,0,0,0,0,0,0,0,0,0,0,0,1,21
"9",650,148,865,0,2,0,1,0,0,0,0,0,0,0,0,0,0,0,0,0,0,0,10,0,1,0,0,2,1,0,0,865,0,0,0,0,0,0,0,2,0,0,2,0,1,0,2,0,0,0,0,0,0,0,1,0,0,0,0,0,0,0,0,0,0,1,0,0,0,0,0,0,0
"10",810,188,1301,0,3,0,2,0,0,0,0,0,0,0,0,0,0,0,0,0,0,2,12,0,0,0,0,0,1,0,0,1301,0,0,0,1,1,0,0,2,0,1,1,0,1,0,0,0,0,2,0,0,0,0,1,0,0,0,0,0,0,0,0,0,0,1,0,0,0,0,0,1,51
"11",930,31,154,0,2,0,0,0,0,0,2,0,0,0,0,0,0,0,0,0,0,0,1,0,0,0,0,0,0,1,0,154,0,0,0,0,0,0,0,1,0,0,0,0,0,0,0,0,0,0,0,0,0,0,0,0,0,0,0,0,0,0,0,0,0,0,0,0,0,0,0,2,0
"12",1010,99,715,0,0,0,0,0,1,0,0,0,0,0,0,0,0,0,0,0,0,1,12,0,2,0,0,0,0,1,0,715,0,0,0,0,0,0,0,0,0,0,0,0,0,0,0,0,0,4,0,0,0,1,0,0,0,0,0,0,0,0,0,0,0,0,0,0,0,0,0,0,0
"13",1040,75,413,0,0,0,0,0,0,0,0,0,0,0,0,0,0,0,0,0,0,1,4,0,1,0,0,2,0,1,0,413,0,0,0,0,0,0,0,1,0,0,0,0,0,0,4,0,0,0,0,0,0,0,0,0,0,0,0,0,0,0,0,0,0,0,0,0,0,0,0,2,0
"14",1070,30,204,0,1,0,0,0,0,0,0,0,0,0,0,0,0,0,0,0,0,0,2,0,0,0,0,0,0,1,0,204,0,0,0,0,0,0,0,0,0,0,0,0,0,0,0,0,0,0,0,0,0,0,0,0,0,0,0,0,0,0,0,0,0,0,0,0,0,0,0,0,0
"15",1160,75,448,0,1,0,0,0,0,1,0,0,0,0,0,0,1,0,0,0,0,0,4,0,0,0,0,2,0,0,0,448,0,0,0,0,0,0,1,0,0,0,0,0,0,0,0,0,0,0,0,0,0,0,0,0,0,0,0,0,0,0,0,0,0,0,0,0,0,0,0,0,0
"16",1180,74,482,0,1,0,0,0,0,0,0,0,0,0,0,0,0,0,0,0,0,0,5,0,1,0,0,0,0,0,0,482,0,0,0,0,0,0,2,0,0,0,0,0,0,0,0,0,0,0,0,0,0,0,0,0,0,0,0,0,0,0,0,0,0,0,0,0,0,0,0,0,0
"17",1300,129,765,0,4,0,0,0,0,0,0,0,0,1,0,0,0,0,0,2,0,1,4,0,0,0,0,1,2,0,0,765,0,0,0,1,0,0,5,1,0,0,2,0,0,0,0,0,0,0,0,0,0,1,0,1,0,0,0,1,0,0,0,0,0,0,0,0,0,0,0,0,0
"18",1390,91,638,0,1,0,1,0,0,0,0,0,0,0,0,0,0,0,0,0,0,2,2,0,1,0,0,0,0,0,0,638,1,0,0,0,0,0,0,1,0,1,2,0,0,0,0,0,0,0,0,1,0,0,0,0,0,0,0,0,0,0,0,0,0,0,0,0,0,0,0,3,23
"19",1600,45,240,0,2,0,0,0,0,1,3,0,0,0,1,0,0,0,0,1,0,1,3,0,1,0,0,0,0,2,0,240,0,0,0,0,1,0,0,1,0,0,1,0,0,0,0,0,1,0,0,0,0,0,0,0,0,0,0,0,0,0,0,0,0,0,0,0,0,0,0,0,0
"20",1610,121,678,0,1,0,0,0,0,0,0,0,0,0,0,0,0,0,0,0,3,3,7,0,1,0,0,0,1,0,0,678,0,0,0,0,0,0,1,1,0,0,2,0,0,0,0,0,1,0,0,1,0,0,0,0,0,0,0,0,0,0,0,0,0,0,0,0,0,0,0,1,21
"21",1760,89,543,0,4,0,1,0,0,0,0,0,0,0,0,0,0,0,0,0,0,0,2,0,1,0,0,1,0,0,0,543,0,1,1,0,0,0,3,1,0,0,2,0,0,0,0,0,1,0,0,0,0,1,0,0,0,0,0,0,0,0,0,0,0,0,0,0,0,0,0,0,0
"22",1790,58,387,0,2,0,1,0,0,1,0,0,0,0,0,1,0,0,0,0,0,2,2,0,0,0,0,0,0,1,0,387,0,0,0,0,0,0,1,0,0,0,0,0,0,0,0,0,0,0,0,0,0,0,0,0,0,0,0,0,0,0,0,0,0,0,0,0,0,0,0,0,0
"23",1970,32,205,0,2,0,0,0,0,0,0,0,0,0,0,1,0,0,0,0,0,1,0,0,0,0,0,0,0,0,0,205,0,0,0,0,0,0,0,2,0,0,0,0,0,0,0,0,0,0,0,1,0,0,0,0,0,0,0,0,0,0,0,0,0,0,0,0,0,0,0,3,23
"24",2120,58,581,0,0,0,0,0,1,0,0,0,0,0,0,0,0,0,0,0,0,0,2,1,2,0,0,0,1,0,0,581,1,0,0,0,0,0,1,0,0,0,0,0,0,0,0,0,1,0,0,1,0,0,0,0,0,0,1,0,0,0,0,0,0,0,0,1,0,0,0,1,21
"25",2250,58,375,0,1,0,0,0,0,0,1,0,0,0,0,0,0,0,0,0,0,0,3,1,0,0,0,2,0,0,0,375,1,0,0,0,0,0,0,1,0,0,0,0,0,0,0,0,0,0,0,0,0,0,0,0,0,0,0,0,0,0,0,0,0,0,0,0,0,0,1,2,212
"26",2300,25,165,0,0,0,0,0,1,0,0,0,0,0,0,0,0,0,0,0,0,0,0,0,0,0,0,0,1,0,0,165,0,0,0,0,0,0,0,1,0,0,0,0,0,0,0,0,0,0,0,0,0,1,0,0,0,0,0,0,0,1,0,0,0,0,0,0,0,0,0,0,0
"27",2530,29,208,0,0,0,0,0,0,0,0,0,0,0,0,0,0,0,0,0,0,0,1,0,0,0,0,0,0,0,0,208,0,0,0,0,0,1,0,1,0,0,0,0,0,0,0,0,0,0,0,0,0,0,0,0,0,0,0,0,0,0,0,0,0,0,1,0,0,0,0,1,171
"28",2540,26,188,0,1,0,1,0,0,0,0,0,0,0,0,0,0,0,0,0,0,0,0,0,0,0,0,0,0,0,0,188,0,0,2,0,0,0,1,2,0,0,0,0,0,0,0,0,0,0,0,0,0,0,0,0,1,0,0,0,0,0,0,0,0,0,0,0,0,0,0,1,71
"29",2550,59,339,1,0,0,2,0,0,0,0,0,0,0,0,0,0,0,0,0,0,1,3,0,2,0,0,0,0,0,0,339,0,0,0,0,0,0,0,2,0,0,0,0,0,0,0,0,0,0,0,0,0,1,0,0,0,0,0,0,0,0,0,0,0,0,0,0,0,0,0,0,0
"30",2630,46,272,0,2,0,2,0,0,0,0,0,0,0,0,0,0,0,0,0,0,0,3,0,0,0,0,0,0,0,0,272,0,0,0,0,0,0,1,0,0,0,0,0,0,0,0,0,0,0,0,0,0,0,0,0,0,0,0,0,0,0,0,0,0,0,0,0,0,0,0,0,0
"31",2750,64,496,0,3,0,0,0,0,0,1,0,0,0,0,0,0,0,0,0,0,0,3,0,0,0,0,0,0,0,0,496,0,0,1,1,0,0,0,0,0,0,1,0,0,0,0,0,0,0,0,0,0,0,0,0,0,0,0,0,0,0,0,0,0,0,0,0,0,0,0,0,0
"32",2770,57,331,0,0,0,0,2,0,0,0,0,0,0,0,0,0,0,0,0,0,0,2,0,0,0,0,0,0,2,0,331,0,0,0,0,0,0,0,2,0,0,0,0,0,0,0,0,0,0,0,0,0,0,0,0,0,0,0,0,0,0,0,0,0,0,0,0,0,0,0,0,0
"33",2780,93,665,0,0,0,0,0,2,0,0,0,0,0,0,0,0,0,0,0,0,1,2,0,1,0,0,0,0,0,0,665,0,0,0,0,0,0,2,0,0,0,0,0,0,0,0,0,0,0,0,0,0,0,0,0,0,0,0,0,0,0,0,0,0,0,0,0,0,0,0,0,0
"34",2840,80,439,0,1,0,0,0,0,0,0,1,0,0,0,0,1,0,0,0,0,0,2,1,1,0,0,0,1,1,0,439,1,0,0,0,0,0,0,1,0,0,1,0,0,0,0,0,0,0,0,1,0,0,0,0,0,0,0,0,0,0,0,0,0,0,0,0,0,0,0,2,22
"35",2900,190,1401,0,2,0,1,0,1,0,0,0,0,0,0,0,0,0,2,0,0,4,12,0,0,0,0,2,0,0,0,1401,1,0,0,0,0,0,1,2,0,0,0,0,0,0,1,0,1,0,0,0,0,0,0,0,0,1,0,0,0,0,0,0,0,0,0,0,0,0,0,1,81
"36",2970,391,6506,0,7,0,1,0,1,0,0,0,0,0,0,0,0,0,0,0,0,3,10,2,6,0,0,1,0,1,0,6506,1,0,0,0,0,0,3,2,0,1,1,0,0,0,3,0,0,0,1,0,0,0,0,0,1,0,0,0,0,0,0,0,0,0,0,0,0,0,0,1,11
"37",3150,44,270,0,1,0,0,0,0,0,0,0,0,0,0,0,0,0,0,0,0,0,2,0,0,0,0,0,0,0,0,270,0,0,0,0,0,0,1,2,0,0,0,0,0,0,0,0,0,0,0,0,0,0,0,1,0,0,0,0,0,0,0,0,0,0,0,0,0,0,0,0,0
"38",3180,56,375,0,2,0,0,0,0,0,0,0,0,0,0,0,0,0,0,0,0,0,1,2,0,0,0,2,1,0,0,375,1,0,1,0,0,0,1,0,0,2,0,0,0,1,0,0,0,0,0,0,0,0,0,0,0,0,0,0,0,0,0,0,0,0,0,0,0,0,0,0,0
"39",3230,69,416,0,1,0,0,0,0,0,0,0,0,0,0,0,0,0,0,0,0,2,6,0,1,0,0,0,0,0,0,416,0,0,0,0,0,0,0,1,0,0,0,0,0,0,0,0,1,0,0,0,0,0,0,1,0,0,0,0,0,0,0,0,0,1,0,0,0,0,0,2,62
"40",3260,237,1368,0,7,0,6,0,0,0,0,0,0,0,0,0,0,0,0,0,0,1,19,2,2,0,0,1,0,1,0,1368,0,1,0,1,0,1,0,4,0,0,1,0,0,0,0,0,0,0,1,0,0,0,0,0,0,0,0,0,0,0,0,0,0,1,0,1,0,0,0,1,11
"41",3400,180,1289,0,1,0,0,0,1,0,0,0,0,0,0,0,2,1,0,0,0,2,7,0,1,0,0,4,0,1,0,1289,0,0,0,0,1,0,1,2,0,0,3,0,0,1,0,0,0,1,0,1,0,0,0,0,0,0,0,0,0,0,0,0,0,0,0,0,0,0,0,0,0
"42",3470,148,947,0,4,0,0,0,2,0,0,0,1,0,0,1,0,0,0,0,3,1,9,0,0,0,0,1,1,0,0,947,0,0,0,0,0,0,2,1,0,0,1,2,0,0,0,0,3,0,0,1,0,0,1,0,0,0,0,0,0,0,0,0,0,0,0,0,0,0,0,1,21
"43",3510,16,91,0,1,0,0,0,0,0,0,0,0,0,0,0,0,0,0,0,0,0,1,0,0,0,0,0,0,0,0,91,0,0,0,0,0,0,0,0,0,0,0,0,0,0,0,0,0,0,0,0,0,0,0,0,0,0,0,0,0,0,0,0,0,0,0,0,0,0,0,0,0
"44",3530,62,409,0,0,0,0,0,1,0,0,0,0,0,0,0,1,0,0,0,0,3,3,0,0,0,0,1,0,1,0,409,0,0,0,0,0,0,1,0,0,0,1,0,0,0,0,0,0,0,0,0,0,0,0,0,0,0,1,0,0,0,0,0,0,0,0,0,0,0,0,0,0
"45",3790,176,1243,0,2,0,1,0,0,0,0,0,0,0,0,0,1,1,0,0,0,4,6,2,2,0,0,1,1,0,0,1243,0,0,1,1,1,0,1,2,0,0,2,0,0,0,0,0,0,1,0,0,0,0,0,0,0,0,0,0,0,0,0,0,0,0,0,0,0,0,0,2,0
"46",4080,97,673,0,4,0,0,0,0,0,0,0,0,0,0,0,1,0,0,0,0,1,0,0,0,0,0,0,0,1,0,673,2,0,0,0,0,1,1,1,0,0,0,0,0,0,0,0,0,0,0,0,1,0,0,0,0,0,0,0,0,0,0,0,0,0,0,0,0,0,0,2,32
"47",4110,67,441,0,0,0,0,0,0,0,1,0,0,0,0,0,0,1,0,0,0,0,2,0,0,0,0,0,0,0,0,441,0,0,0,0,0,0,1,1,0,1,0,0,0,0,0,0,0,0,0,1,0,0,0,0,0,0,0,0,0,0,0,0,0,0,0,0,0,0,0,1,21
"48",4170,59,330,0,0,0,1,0,0,0,0,0,0,0,0,1,0,0,0,1,0,0,2,0,0,0,0,1,0,0,0,330,0,0,1,0,0,0,0,0,0,0,1,0,0,0,0,0,0,1,0,0,0,0,0,0,0,0,0,0,0,0,0,0,0,0,0,0,0,0,0,3,0
"49",4230,136,854,0,5,0,1,0,0,0,0,0,0,0,0,2,0,1,0,0,0,0,9,0,0,0,0,0,0,0,0,854,2,0,1,0,1,0,0,4,0,0,1,0,0,0,0,0,0,0,0,0,0,1,0,0,0,0,0,0,0,0,0,0,0,0,0,0,0,0,0,1,41
"50",4320,82,626,0,1,0,1,0,0,0,0,0,0,0,0,0,0,0,0,0,1,0,5,0,0,0,0,1,0,0,0,626,0,0,0,0,0,0,1,2,0,0,0,0,0,0,0,0,0,0,0,0,0,1,0,0,0,0,0,0,0,0,0,0,0,1,0,0,0,0,0,1,41
"51",4430,55,429,0,0,0,0,0,0,0,0,0,0,0,0,0,0,0,0,0,0,0,2,1,0,0,0,0,0,0,0,429,1,0,0,1,0,0,0,3,0,0,0,0,0,0,0,0,0,0,0,0,0,0,0,0,0,1,0,0,0,0,0,0,0,0,0,0,0,0,0,2,82
"52",4610,51,375,0,0,0,0,0,1,2,0,0,0,0,0,0,0,0,0,0,0,0,2,0,1,0,0,0,0,0,0,375,0,0,0,0,0,0,0,1,0,0,0,0,0,0,0,0,0,0,1,0,0,1,0,0,0,0,0,0,0,0,0,0,0,0,0,0,0,0,0,1,11
"53",4630,143,833,0,2,0,1,0,0,0,0,1,0,0,0,0,0,0,0,1,0,3,5,1,4,0,0,0,0,1,0,833,1,0,0,0,0,0,1,1,0,0,1,0,0,0,0,0,0,0,0,0,1,0,0,0,0,0,0,0,0,0,0,0,0,0,0,1,0,0,0,3,33
"54",4670,90,517,0,0,0,0,1,0,0,0,1,0,0,0,0,0,0,0,0,0,3,3,0,0,0,0,0,1,0,0,517,2,0,2,0,0,0,1,1,0,0,1,0,0,1,0,0,0,1,0,0,0,0,0,0,0,0,0,0,0,0,0,0,0,0,0,0,0,0,0,0,0
"55",4850,97,600,0,5,0,1,0,0,0,0,0,0,0,1,0,0,0,0,0,0,3,0,0,1,0,0,1,2,0,0,600,1,0,0,0,0,0,1,0,0,1,1,0,0,0,0,0,0,0,0,0,0,0,0,0,0,0,0,0,0,0,0,0,0,1,0,0,0,0,0,0,0
"56",4860,123,715,0,5,0,0,0,0,0,0,0,0,0,0,0,0,0,0,0,0,1,7,0,0,0,0,0,0,0,0,715,0,0,0,0,0,1,3,3,0,0,1,0,0,0,0,0,1,3,0,0,0,0,0,0,0,0,0,0,0,0,0,0,0,0,0,0,0,0,0,0,0
"57",4870,202,1344,0,5,0,1,0,1,0,0,0,0,0,3,2,1,0,0,0,0,1,5,0,4,0,0,0,0,0,0,1344,1,0,0,0,0,0,0,1,0,0,2,0,0,0,0,0,0,0,0,0,0,0,0,0,0,0,0,0,0,0,0,0,0,0,0,0,0,0,0,1,0
"58",4880,97,607,0,1,0,1,0,0,0,0,0,0,0,0,0,0,0,0,0,0,1,2,0,1,0,0,0,0,0,0,607,0,0,2,1,0,0,2,2,0,0,1,0,0,0,0,0,0,0,0,0,0,0,0,0,1,0,0,0,0,0,0,0,0,0,1,0,0,0,0,0,0
"59",4930,196,1256,0,3,1,1,0,0,0,0,0,0,0,0,1,1,0,0,0,0,0,11,2,3,0,0,1,0,0,0,1256,0,0,0,0,0,0,2,0,0,0,1,0,0,0,0,0,0,0,0,0,0,1,1,1,0,0,0,0,0,0,0,0,0,1,0,0,0,0,0,3,43
"60",5170,50,334,0,2,0,1,0,0,0,0,0,0,0,0,0,0,0,1,0,0,0,0,1,0,0,0,0,1,0,0,334,1,0,0,0,0,0,1,0,0,0,1,0,0,0,0,0,0,0,0,1,0,0,0,0,0,0,0,0,0,0,0,0,0,1,0,0,0,0,0,0,0
"61",5260,463,2325,0,4,0,1,0,1,0,0,0,0,0,3,0,0,0,0,0,0,4,16,0,3,0,0,0,4,1,0,2325,1,0,0,0,0,0,0,1,0,0,1,0,1,0,0,0,0,0,0,0,0,0,0,0,0,0,0,0,0,1,0,0,0,0,0,0,0,0,0,0,0
"62",5460,291,1654,0,7,0,3,0,0,0,0,0,0,1,0,0,0,0,0,0,0,3,10,2,1,0,1,1,1,1,0,1654,0,0,0,1,1,0,3,5,0,1,1,0,0,0,0,0,0,1,0,0,0,0,1,0,0,0,0,0,0,0,0,0,0,0,0,0,1,0,0,1,51
"63",5600,165,1026,0,1,0,4,0,0,0,2,0,1,0,0,0,1,0,0,0,0,4,3,1,2,0,0,0,0,0,0,1026,2,0,0,0,0,0,1,1,0,0,0,0,0,0,0,0,0,0,0,0,0,0,0,0,0,0,0,0,0,0,0,0,0,0,0,0,0,0,0,1,0
"64",5690,162,1111,0,0,0,0,0,3,0,0,0,0,0,3,0,0,0,0,0,2,3,10,0,0,0,0,0,0,0,0,1111,0,0,0,0,0,0,2,0,0,0,0,0,0,0,0,1,0,0,0,0,0,0,0,0,0,0,0,0,0,0,0,0,0,0,0,0,0,0,0,1,0
"65",5880,81,503,0,1,0,1,0,0,0,0,0,0,0,2,1,0,0,0,0,0,0,0,2,1,0,0,2,0,0,0,503,2,0,0,0,0,0,1,1,0,0,0,0,0,0,0,0,0,0,0,0,0,0,0,0,0,0,0,0,0,0,0,0,0,0,0,0,1,1,0,1,191
"66",6080,81,556,0,0,0,3,0,0,0,0,0,0,0,0,0,0,0,0,0,0,2,3,0,0,0,0,0,1,0,0,556,0,0,0,0,0,0,0,2,0,0,2,0,0,0,0,0,0,0,0,0,0,0,1,0,1,0,0,0,0,0,0,0,0,0,0,0,0,0,0,1,51
"67",6110,410,1791,0,3,0,3,0,3,0,0,0,0,0,0,2,2,1,0,0,4,5,13,1,1,0,0,0,0,0,0,1791,0,0,0,0,0,0,2,2,0,0,1,0,0,0,0,0,0,1,0,0,0,0,0,0,0,0,0,0,0,0,0,0,0,0,0,0,0,0,0,1,0
"68",6130,111,924,0,2,0,0,0,0,0,0,0,0,0,0,0,0,0,0,0,0,0,10,0,2,0,0,1,0,1,0,924,0,1,0,0,0,0,0,1,0,0,2,0,0,0,2,0,0,0,0,0,0,0,0,0,0,0,0,0,0,0,0,0,0,0,0,0,0,0,0,0,0
"69",6210,55,338,0,1,0,0,0,0,0,0,0,0,0,0,0,0,0,0,0,1,1,1,1,1,0,0,0,0,1,0,338,0,0,0,0,0,0,1,3,0,0,0,0,0,0,0,0,0,1,0,0,0,1,0,0,0,0,0,0,0,0,0,0,0,0,0,0,0,0,0,1,41
"70",6340,325,1964,0,1,0,0,0,1,1,0,0,0,0,0,1,0,1,0,0,5,3,7,0,1,0,0,0,0,0,0,1964,1,0,0,0,0,0,1,7,0,0,0,0,2,0,0,0,0,0,0,1,0,0,0,0,0,1,0,0,0,0,0,0,0,0,0,0,0,0,0,1,21
"71",6430,166,979,0,4,0,1,0,0,0,1,0,0,0,0,0,0,0,0,0,0,3,10,0,0,0,0,0,1,1,0,979,1,0,0,0,1,0,2,1,0,0,3,0,0,0,0,0,1,0,0,0,0,0,0,0,0,0,0,0,0,0,0,0,0,0,0,1,0,0,0,1,181
"72",6440,196,1318,0,3,0,0,0,0,0,0,0,0,0,1,0,1,1,0,0,0,7,12,1,3,0,0,1,0,0,0,1318,1,0,0,2,0,0,0,4,0,0,0,0,0,0,0,0,0,0,0,0,0,1,0,0,0,0,0,0,0,0,0,0,0,1,0,0,0,0,0,2,42
"73",6530,66,384,0,1,0,0,0,0,0,0,0,0,0,0,0,0,0,0,0,0,1,3,0,0,0,0,0,0,0,1,384,0,0,0,0,0,0,0,1,0,0,0,0,0,0,2,0,0,1,0,0,0,1,0,0,0,0,0,0,0,0,0,0,0,1,0,0,0,0,0,0,0
"74",6890,72,511,0,0,0,0,0,1,0,0,0,0,0,2,0,0,0,0,0,0,1,5,0,2,0,0,0,0,0,0,511,0,1,0,0,0,0,0,3,0,0,0,1,0,0,0,0,0,0,0,0,0,0,0,0,0,0,0,0,0,0,0,0,0,0,0,0,0,0,0,2,0
"75",7180,95,533,0,2,0,0,0,0,0,0,0,0,0,2,0,1,0,0,0,0,0,1,0,2,0,0,2,1,1,0,533,0,0,1,0,0,0,0,2,0,0,0,0,0,0,0,0,0,0,0,0,0,1,0,0,0,0,0,0,0,0,0,0,0,0,0,0,0,0,0,0,0
"76",7190,100,637,0,3,0,1,0,0,0,0,0,0,0,0,0,0,0,0,0,0,1,1,0,0,0,0,3,0,0,0,637,0,0,0,0,0,0,2,3,0,0,1,0,0,0,0,0,0,0,0,0,0,0,1,0,0,0,0,0,0,0,0,0,0,0,0,0,1,0,0,2,52
"77",7260,14,98,0,0,0,0,0,0,0,0,0,0,0,0,0,0,0,0,0,0,0,0,0,0,0,0,0,0,0,0,98,0,0,0,0,0,0,0,1,0,0,0,0,0,0,0,0,0,0,0,0,0,0,0,0,0,0,0,0,0,0,0,0,0,0,0,0,0,0,0,1,0
"78",7440,41,262,0,1,0,0,0,0,0,0,0,0,0,0,0,0,0,0,0,0,0,0,0,0,0,0,1,0,0,0,262,0,0,0,0,0,0,0,2,0,0,0,0,0,0,0,0,0,0,0,0,0,0,0,0,0,0,0,0,0,0,0,0,0,0,0,0,0,0,0,0,0
"79",7470,85,677,0,1,1,0,0,0,0,0,0,0,0,0,0,1,0,0,0,0,0,3,0,2,0,0,0,0,0,0,677,2,0,0,0,0,0,2,3,0,0,0,0,0,0,0,0,0,0,0,0,0,0,1,0,0,1,0,0,0,0,0,0,0,0,0,0,0,0,0,1,51
"80",7540,170,930,0,2,0,1,0,0,0,0,0,0,0,0,0,0,0,0,0,0,3,2,1,2,0,1,2,0,1,0,930,0,0,0,1,0,0,1,3,0,1,2,0,0,0,0,0,0,0,1,0,0,0,0,0,0,0,0,0,0,0,0,0,0,0,0,0,0,0,0,1,11
"81",7720,213,1213,0,1,0,1,0,0,0,0,0,0,1,0,0,0,0,0,0,0,6,8,2,0,0,0,1,0,0,0,1213,3,1,0,0,0,0,3,8,0,1,3,0,0,1,1,0,0,0,0,0,1,0,0,0,0,0,0,0,0,0,0,0,0,1,0,0,0,0,0,2,32
"82",7880,52,317,0,0,0,0,0,0,0,0,0,0,0,0,0,0,0,0,0,0,0,1,0,0,0,0,0,1,2,0,317,0,0,0,0,0,0,0,1,0,0,0,0,0,0,2,0,1,1,0,0,0,0,0,1,0,0,0,0,0,0,0,0,0,0,0,0,0,0,0,0,0
"83",7940,167,998,0,7,0,0,0,0,2,0,1,0,1,0,0,0,0,0,1,0,2,3,0,1,0,0,0,0,0,0,998,1,1,1,1,0,0,0,2,0,0,0,0,0,0,0,0,0,1,0,0,0,0,0,0,0,0,0,0,0,0,0,0,1,0,0,0,0,0,0,0,0
"84",7990,255,1504,0,4,0,1,0,0,0,0,0,0,0,0,0,0,0,0,0,0,8,11,0,2,0,0,1,0,1,0,1504,2,0,0,0,0,0,3,0,0,1,1,0,0,0,0,0,1,0,0,0,0,1,1,0,0,0,0,0,0,0,0,0,0,1,0,0,1,1,1,1,41
"85",8050,57,383,0,2,0,0,0,0,0,0,0,0,0,0,0,0,0,0,0,0,0,1,0,0,0,0,0,0,0,0,383,0,0,0,0,0,0,0,0,0,0,1,0,0,0,0,0,0,0,0,0,0,0,0,0,0,0,0,1,0,0,0,0,0,0,0,0,0,0,0,0,0
"86",8140,81,517,0,0,0,1,0,0,0,0,0,0,0,0,0,0,0,0,0,0,1,4,2,0,0,0,0,0,0,1,517,0,0,0,0,0,0,0,5,0,0,0,0,0,0,0,0,1,0,0,0,0,0,0,0,0,0,0,0,0,0,0,0,0,0,0,0,0,0,0,2,0
"87",8790,237,1615,0,2,0,0,0,4,0,0,0,0,0,0,0,0,0,0,0,0,8,13,0,2,0,0,0,0,0,0,1615,1,0,0,0,0,0,0,1,0,0,0,0,0,0,3,0,1,4,0,0,1,0,1,0,0,0,0,0,0,0,0,0,0,0,0,0,0,0,0,1,31
"88",8800,202,942,0,3,0,0,0,1,0,0,0,0,0,1,1,1,0,0,0,0,2,3,1,2,0,0,0,0,0,0,942,0,0,0,0,1,0,1,2,0,0,1,0,1,0,0,0,0,0,0,0,0,0,0,0,0,0,0,0,0,0,0,0,0,0,0,0,1,1,0,1,191
"89",8830,79,553,1,2,0,0,0,0,0,0,0,0,0,0,0,0,0,0,0,0,0,3,1,1,0,0,2,0,1,0,553,0,0,0,0,0,0,0,0,0,0,1,0,0,0,1,0,0,0,0,0,0,0,0,0,0,0,0,0,0,0,0,0,0,0,0,0,0,0,0,0,0
"90",8880,22,111,0,0,0,0,0,0,0,0,0,0,0,0,0,0,0,0,0,0,0,2,0,0,0,0,0,0,0,0,111,0,0,0,0,0,0,0,0,0,0,0,0,0,0,0,0,0,0,0,0,0,0,0,0,0,0,0,0,0,0,0,0,0,0,0,0,0,0,0,0,0
"91",8940,107,638,0,3,0,0,0,0,0,0,0,0,0,0,0,1,0,0,0,0,0,6,0,1,0,0,0,0,0,0,638,0,0,0,1,0,0,0,0,0,0,0,0,0,0,0,0,0,0,0,0,0,0,0,0,0,0,0,0,0,0,0,0,0,0,0,0,0,0,0,0,0
"92",8950,135,773,0,6,0,1,0,0,0,0,0,0,0,0,0,0,0,0,0,0,0,7,2,0,0,0,1,0,1,0,773,2,0,0,0,0,0,4,1,0,0,0,0,0,2,0,0,1,0,0,0,0,0,0,0,0,0,0,0,0,0,0,0,0,0,0,0,0,0,0,1,0
"93",8970,60,336,0,1,0,0,0,0,0,0,0,0,0,0,0,1,0,0,0,0,0,2,0,1,0,0,1,0,0,0,336,0,0,0,0,0,0,1,0,0,0,0,0,0,0,0,0,0,0,0,0,0,0,0,0,0,0,0,0,1,0,0,0,0,0,0,0,0,0,0,0,0
"94",9240,227,1404,0,6,0,1,0,0,0,0,1,0,0,0,0,0,0,0,0,0,1,21,0,0,0,0,0,0,0,0,1404,0,0,0,0,0,0,1,1,0,0,0,0,0,0,0,0,1,1,0,0,0,0,1,0,0,0,0,0,0,0,0,0,0,1,0,0,0,0,0,0,0
"95",9410,40,193,0,0,0,0,0,0,1,0,0,0,0,0,0,0,0,0,0,0,1,0,0,0,0,0,0,1,0,0,193,0,0,0,0,0,0,0,0,0,0,0,0,0,0,0,0,0,0,0,0,0,0,0,0,1,0,0,0,0,0,0,0,0,0,0,0,0,0,0,0,0
"96",9570,93,674,0,2,0,0,0,0,0,0,0,0,0,0,0,0,0,0,0,0,2,3,0,1,0,0,0,0,0,0,674,0,0,0,1,0,0,2,1,0,0,0,0,0,0,1,0,1,1,0,0,0,0,0,1,0,0,0,0,0,0,0,0,0,1,0,0,0,0,0,0,0
"97",9650,112,741,0,0,0,1,0,0,0,0,0,0,0,0,0,1,0,0,0,0,2,3,1,1,0,0,0,1,0,0,741,1,0,0,0,0,0,3,1,0,0,0,0,0,0,0,0,1,0,0,0,0,0,0,0,0,0,0,0,0,0,0,0,0,0,0,0,0,0,0,0,0
"98",9750,60,342,0,0,0,0,0,0,0,0,0,0,0,0,0,1,0,0,0,0,0,2,0,0,0,0,1,0,1,0,342,0,0,0,0,0,0,0,0,0,0,0,0,0,0,0,0,0,0,0,0,0,0,0,0,0,0,0,0,0,0,0,0,0,0,0,0,0,0,0,0,0
"99",10190,92,531,0,3,0,0,0,0,0,1,0,0,0,0,1,0,0,0,0,2,1,10,0,1,0,0,0,1,0,0,531,1,0,1,0,0,0,0,0,0,0,0,0,0,0,0,0,0,0,0,1,0,1,0,0,0,0,0,0,0,0,0,0,0,0,0,0,0,0,0,1,21
"100",10230,50,349,0,1,0,0,0,0,0,0,0,0,0,0,0,0,0,0,0,0,0,6,0,0,0,0,0,0,0,0,349,0,0,0,0,0,0,0,3,0,0,0,0,0,0,0,0,0,0,0,0,0,0,0,1,0,0,0,0,0,0,0,0,0,0,0,0,0,0,0,1,61
"101",10260,92,489,0,0,0,3,0,0,0,0,0,0,0,3,0,0,1,0,0,0,2,6,0,0,0,0,0,0,0,0,489,1,0,2,1,0,0,2,0,0,1,0,0,0,0,0,0,0,0,0,0,0,1,0,0,0,0,0,0,0,0,0,0,0,0,0,0,0,0,0,0,0
"102",10300,103,548,0,2,0,1,0,0,0,0,0,0,0,0,2,0,1,0,1,0,0,11,0,1,0,0,0,0,0,0,548,0,0,0,0,1,0,2,0,0,0,1,0,0,0,0,0,0,0,0,0,0,0,0,0,0,0,0,0,0,1,0,0,0,0,0,0,0,0,0,0,0
"103",10580,18,116,0,2,0,0,0,0,0,0,0,0,0,0,0,0,0,0,0,0,0,2,0,0,0,0,0,0,0,0,116,0,0,0,0,0,0,0,0,0,0,0,0,0,0,0,0,0,0,0,0,0,0,0,0,0,0,0,0,0,0,0,0,0,0,0,0,0,0,0,0,0
"104",10600,106,726,0,1,0,1,0,0,0,2,0,0,0,0,1,1,0,0,0,0,0,7,0,0,0,0,0,0,0,0,726,0,0,0,0,0,0,1,2,0,0,5,0,0,1,0,0,0,0,0,0,0,0,0,0,0,0,0,0,0,0,0,0,0,1,0,0,0,0,0,0,0
"105",10610,73,399,0,0,0,2,0,0,0,0,0,0,0,0,0,0,0,0,0,0,3,3,0,0,0,0,0,0,0,0,399,0,0,1,1,0,0,0,0,0,1,1,0,0,0,0,0,1,0,0,0,0,0,0,0,0,0,0,0,0,0,0,0,0,0,0,0,0,0,0,3,0
"106",10670,208,1472,0,2,0,2,0,0,0,0,0,0,0,0,0,0,1,0,1,0,2,13,1,2,0,0,0,0,0,0,1472,0,0,0,0,0,0,1,2,0,0,0,0,0,0,0,0,1,1,0,0,0,0,0,0,0,0,0,0,0,0,0,0,0,0,0,0,0,0,0,2,0
"107",10680,96,705,0,2,0,0,0,2,0,0,0,0,0,0,1,0,0,0,0,0,2,7,3,1,0,0,0,0,0,0,705,2,0,0,1,0,1,0,1,0,0,0,0,0,0,0,0,0,0,0,0,0,0,0,0,1,0,0,0,0,0,0,0,0,0,0,0,0,0,0,0,0
"108",10810,162,1080,0,4,0,1,0,0,0,0,0,0,0,1,1,0,1,0,0,0,1,19,0,2,0,0,0,0,0,0,1080,0,0,0,0,0,0,2,0,0,0,1,0,0,0,0,0,0,0,0,0,0,0,1,0,0,0,0,0,0,0,0,0,0,1,0,0,0,0,0,2,52
"109",10860,206,1216,0,3,1,0,0,0,0,0,0,0,0,2,1,0,0,0,0,0,12,13,0,1,0,0,0,0,2,0,1216,1,0,0,0,0,0,2,0,0,0,2,0,0,0,0,0,0,0,0,0,0,1,0,0,0,0,0,0,0,0,0,0,0,0,0,0,0,0,0,0,0
"110",10870,376,2545,0,11,0,4,0,1,1,0,0,0,0,0,1,3,2,0,2,0,4,24,1,1,0,0,0,0,2,0,2545,2,0,0,2,2,0,0,0,0,0,8,0,0,0,0,0,0,0,0,0,0,0,0,0,0,0,0,0,0,0,0,0,0,1,0,0,0,0,0,0,0
"111",10880,27,235,0,0,0,0,0,0,0,0,0,0,0,0,0,0,0,0,0,0,0,0,0,0,0,0,2,0,0,0,235,1,0,2,0,0,0,0,2,0,0,0,0,0,0,0,0,0,0,0,0,0,0,0,1,0,0,0,0,0,0,0,0,0,0,0,0,0,0,0,0,0
"112",10980,124,925,0,2,0,0,0,0,0,0,0,1,0,0,2,0,0,0,0,0,1,1,0,1,0,0,0,0,0,0,925,0,0,0,2,0,0,3,2,0,1,1,0,0,1,0,0,3,0,0,0,1,1,0,0,0,0,0,0,0,0,0,0,0,0,0,0,0,0,0,0,0
"113",10990,120,732,0,3,0,1,0,1,0,0,0,0,0,0,0,1,0,0,0,0,4,8,1,1,0,0,0,0,0,0,732,0,0,0,0,0,1,2,3,0,0,0,0,0,1,0,0,0,0,0,0,0,0,1,0,0,1,0,0,0,0,0,0,0,0,0,0,0,0,0,2,52
"114",11060,230,1271,0,8,0,1,0,0,0,0,0,1,0,0,0,0,0,0,0,0,5,9,0,4,0,0,1,2,2,0,1271,2,0,0,0,0,0,0,1,0,2,2,0,0,0,0,0,0,1,0,0,0,0,1,1,0,0,0,0,0,0,0,0,0,0,0,0,0,0,0,0,0
"115",11200,139,820,0,1,0,0,0,1,0,0,0,0,0,0,0,1,0,0,0,0,0,6,0,0,0,2,0,0,0,0,820,0,0,0,1,0,0,3,3,0,0,0,0,0,0,2,0,0,0,0,1,0,0,0,0,0,0,0,0,0,0,0,0,0,0,0,0,0,0,0,1,21
"116",11330,148,1052,0,3,0,0,0,2,0,0,0,0,0,0,1,0,0,0,0,0,2,9,0,1,0,0,0,0,0,0,1052,0,0,2,0,0,0,0,3,0,0,1,1,0,0,0,0,0,2,0,0,0,0,0,0,1,0,0,0,0,0,0,0,0,0,0,0,0,0,0,0,0
"117",11430,31,177,0,0,0,0,0,0,0,0,0,0,0,0,0,0,0,0,0,0,1,1,0,0,0,0,0,0,0,1,177,0,0,0,0,0,0,2,0,0,0,0,0,0,0,0,0,0,0,0,1,0,1,0,0,0,0,0,0,0,0,0,0,0,0,0,0,0,0,0,3,23
"118",11460,102,538,0,2,0,0,0,0,2,0,0,0,0,1,0,0,0,0,0,0,3,10,1,1,0,1,0,0,0,0,538,0,0,0,1,0,0,0,1,0,0,1,0,0,0,0,0,0,2,0,0,0,1,0,0,0,0,0,0,0,0,0,0,0,1,0,0,0,0,0,0,0
"119",11500,183,1024,0,7,0,4,0,0,0,1,0,0,0,0,2,0,0,0,0,0,0,11,3,0,0,0,0,0,1,0,1024,0,0,0,0,0,0,0,2,0,0,1,0,0,0,0,0,0,0,1,0,0,1,0,0,0,0,0,0,0,0,0,0,0,1,0,0,0,0,0,0,0
"120",11520,68,387,0,1,0,2,0,0,0,0,0,0,0,0,0,0,0,0,0,0,0,2,0,0,0,0,0,0,0,0,387,0,0,0,0,1,0,0,3,0,0,1,0,0,0,0,0,1,0,0,0,0,1,0,0,0,0,0,0,0,0,0,0,0,0,0,0,0,0,0,0,0
"121",11620,55,325,0,0,0,0,0,0,0,4,0,0,0,0,0,0,0,0,0,0,2,4,1,0,0,0,0,1,0,0,325,0,0,0,0,0,0,0,0,0,0,1,0,0,0,0,0,0,0,0,0,0,0,0,0,0,0,0,0,0,0,0,0,0,0,0,0,0,0,0,0,0
"122",11680,119,905,0,3,0,0,0,0,0,2,0,0,0,0,0,0,0,0,0,0,0,6,0,0,0,0,0,0,1,0,905,0,0,1,0,0,0,0,4,0,0,0,0,0,0,4,0,3,0,0,0,0,0,0,0,0,0,0,0,0,0,0,0,0,0,0,0,0,0,0,0,0
"123",11690,61,321,0,0,0,0,0,0,0,0,0,0,0,0,0,0,1,0,1,0,0,10,0,0,0,0,0,0,0,0,321,0,0,0,0,0,0,0,2,0,0,1,0,0,0,0,0,0,0,0,0,0,0,0,0,0,0,1,0,0,0,0,0,0,0,0,0,0,0,0,0,0
"124",11720,193,1175,0,6,1,1,0,0,2,0,0,0,0,3,0,0,0,0,0,0,0,7,2,1,0,0,1,0,0,0,1175,1,0,0,0,0,0,5,0,0,3,1,1,0,1,0,0,0,0,0,0,0,0,0,0,0,0,0,0,0,0,0,0,0,0,0,0,0,0,0,0,0
"125",11740,250,1606,0,4,0,1,0,0,0,4,0,0,0,1,0,0,0,0,0,5,4,1,1,1,0,0,1,1,0,0,1606,1,1,0,0,0,0,7,2,0,0,1,0,1,0,3,0,1,0,0,1,0,1,0,0,0,0,0,0,0,0,0,0,0,1,0,0,0,0,0,1,21
"126",11820,137,968,0,2,0,1,0,1,0,0,1,2,1,0,0,0,0,0,0,0,0,5,0,2,0,0,1,0,0,0,968,0,0,0,0,0,0,0,1,0,0,0,0,0,0,4,0,1,0,1,0,0,0,0,0,0,0,0,0,0,0,0,0,0,1,0,1,0,0,0,1,11
"127",11930,68,344,0,0,0,0,0,0,0,0,0,0,0,0,0,0,0,0,0,0,0,2,0,0,0,0,1,0,1,0,344,0,0,0,0,0,0,0,0,0,0,2,0,0,0,0,0,0,0,0,0,1,0,0,0,0,0,0,0,0,0,0,0,0,0,0,0,0,0,0,0,0
"128",11950,142,1118,0,2,0,0,0,0,0,0,0,0,0,0,0,0,0,0,0,0,1,7,0,1,0,0,0,1,1,0,1118,0,0,1,2,0,0,2,4,0,0,1,0,0,0,0,0,0,0,0,0,0,1,0,0,0,0,0,0,0,0,0,0,0,1,0,0,0,0,0,0,0
"129",12140,238,1530,0,2,0,3,0,0,1,2,0,0,0,0,0,0,0,0,0,0,6,9,1,3,0,0,0,0,1,0,1530,1,2,0,0,1,0,0,3,0,0,4,0,0,0,0,0,2,5,0,0,0,0,1,0,0,0,0,0,0,0,0,0,0,1,0,0,1,0,0,0,0
"130",12290,37,337,0,1,0,0,0,0,0,0,0,0,0,0,0,0,0,0,1,0,0,0,0,1,0,0,0,0,0,0,337,0,0,0,0,0,0,1,0,0,1,1,0,0,0,0,0,0,0,0,0,0,1,0,0,0,0,0,0,0,0,0,0,0,0,0,0,0,0,0,0,0
"131",12330,41,283,0,2,0,0,0,0,0,0,0,0,0,0,0,0,0,0,0,0,0,1,1,0,0,0,0,0,1,0,283,1,0,0,0,1,0,0,1,0,0,1,0,0,0,0,0,0,0,0,0,0,0,0,0,0,0,0,0,0,0,0,0,0,0,0,0,0,0,0,0,0
"132",12720,54,320,0,0,0,1,0,0,0,0,0,0,0,0,0,0,0,0,0,0,2,1,0,0,0,0,0,0,0,0,320,0,0,0,0,0,0,0,1,0,0,1,0,0,0,0,0,0,0,0,0,0,1,0,0,0,0,0,0,0,0,0,0,0,1,0,0,0,0,0,2,42
"133",12870,211,1517,0,3,0,0,0,2,0,0,0,0,0,0,1,1,0,0,0,0,0,3,0,3,0,0,0,0,1,0,1517,1,0,0,0,2,0,0,2,0,1,1,0,0,0,0,0,0,2,0,1,1,0,0,0,0,1,0,0,0,0,0,0,0,0,0,0,0,0,0,1,21
"134",12880,22,133,0,0,0,0,0,0,0,0,0,0,0,0,0,0,0,0,0,0,0,0,0,0,0,0,0,0,0,0,133,1,0,0,0,0,0,0,1,0,1,0,0,0,0,0,0,0,0,0,0,0,0,0,0,0,0,0,0,0,0,0,0,0,0,0,0,0,0,0,0,0
"135",12890,111,600,0,4,0,2,0,0,0,2,0,0,0,0,0,0,0,3,0,0,2,2,0,0,0,0,0,0,1,0,600,0,0,1,1,0,0,1,1,0,0,0,0,0,0,0,0,0,0,0,0,0,0,0,0,0,1,0,0,0,0,0,0,0,0,0,0,0,0,0,2,82
"136",13000,70,511,0,1,0,0,0,2,0,0,0,0,0,0,0,1,0,0,0,0,1,1,0,1,0,0,1,1,0,0,511,0,0,0,0,0,0,0,0,0,0,0,0,0,0,1,0,0,0,0,0,0,0,0,0,0,1,0,0,0,0,0,0,0,0,0,0,0,0,0,1,81
"137",13060,44,310,0,3,0,1,0,0,0,0,0,0,0,0,0,0,0,0,0,0,0,2,0,0,0,0,0,0,0,0,310,0,0,1,0,0,0,0,1,0,0,1,0,0,0,0,0,0,0,0,0,0,1,0,0,0,0,0,0,0,1,0,0,0,0,0,0,0,0,0,2,42
"138",13160,477,2342,0,2,0,1,2,2,0,0,1,0,0,6,1,0,1,0,0,0,1,8,0,0,0,2,0,1,3,0,2342,0,2,0,2,0,0,0,2,0,0,1,0,0,0,0,0,0,1,0,0,0,0,0,0,0,0,0,0,0,0,0,0,0,0,0,0,0,0,0,2,0
"139",13170,117,814,0,1,0,0,0,1,0,0,0,0,0,1,1,0,0,0,0,0,0,6,1,1,0,0,0,0,2,0,814,0,0,0,0,0,0,0,0,0,0,0,0,0,0,0,0,0,0,0,0,0,1,0,0,0,0,0,0,0,0,0,0,0,0,0,0,0,0,0,0,0
"140",13200,98,649,0,1,0,1,0,0,0,0,0,0,0,0,0,0,0,0,0,0,0,10,2,2,0,0,0,0,0,0,649,0,1,1,0,0,0,1,3,0,0,1,0,0,0,0,0,1,0,0,0,0,0,1,0,0,0,0,0,0,0,0,0,0,0,0,0,0,0,0,0,0
"141",13430,63,353,0,2,0,0,0,0,0,0,0,0,0,1,0,0,0,0,0,0,0,0,0,1,0,0,0,0,0,0,353,1,0,0,0,0,0,0,1,0,1,0,0,0,1,0,0,0,0,0,0,0,0,0,0,0,0,0,0,0,0,0,0,0,0,0,0,0,0,0,0,0
"142",13460,91,527,0,4,0,2,0,0,0,0,0,0,0,0,1,1,1,0,0,0,2,4,1,0,0,0,1,0,2,0,527,1,0,0,0,1,0,0,3,0,0,1,0,0,0,0,0,0,0,0,0,0,0,0,0,0,0,0,0,0,0,0,0,0,0,0,0,0,0,0,0,0
"143",13470,163,1369,0,3,0,0,0,1,0,0,0,0,0,0,1,0,0,0,0,0,1,8,0,5,0,0,0,0,1,0,1369,1,1,0,1,0,0,0,1,0,0,3,0,1,0,0,0,0,0,0,0,0,0,0,0,0,0,0,0,0,0,0,0,0,0,0,0,0,0,0,3,0
"144",13540,170,1009,0,4,0,1,0,1,0,0,1,0,1,0,0,0,1,0,0,0,3,9,0,4,0,0,1,0,2,1,1009,0,0,0,0,0,0,0,0,0,0,0,0,0,0,0,0,2,0,0,1,0,0,0,0,0,0,0,0,0,0,0,0,0,0,0,0,0,0,0,1,21
"145",13550,327,1953,0,11,0,1,0,0,0,0,2,1,0,0,0,0,0,0,0,0,7,10,1,3,0,0,3,0,1,0,1953,0,1,1,4,0,0,0,3,0,0,3,0,0,0,0,0,0,0,0,0,0,0,1,0,0,0,0,0,0,0,1,0,0,1,0,0,1,0,0,2,52
"146",13620,74,395,0,2,0,3,0,1,0,0,0,0,0,0,0,0,0,0,0,0,0,0,1,0,0,0,1,0,0,0,395,0,0,0,0,0,0,0,0,0,0,0,0,0,0,0,0,0,0,0,0,0,0,1,0,0,1,0,0,0,0,1,0,0,0,0,0,1,0,0,0,0
"147",14040,125,740,0,2,0,1,0,0,0,0,0,0,0,0,0,0,0,0,0,0,1,9,0,0,0,0,1,0,0,0,740,0,0,0,0,0,0,1,0,0,0,2,0,0,0,0,0,0,0,0,0,0,0,0,0,0,0,0,0,0,0,0,0,0,0,0,0,0,0,0,0,0
"148",14300,25,175,0,1,0,0,0,1,0,0,0,0,0,0,0,0,0,0,0,0,0,1,0,0,0,0,0,0,0,0,175,0,0,0,0,0,0,1,0,0,0,0,0,0,0,1,0,0,0,0,0,0,0,0,0,0,0,0,0,0,0,0,0,0,0,0,0,0,0,0,0,0
"149",14310,32,227,0,0,0,1,0,0,0,0,0,0,0,0,0,0,0,0,0,0,1,3,0,1,0,0,2,0,0,0,227,0,0,0,0,0,0,0,1,0,0,0,0,0,0,0,0,0,0,0,0,0,0,0,0,0,0,0,0,0,0,0,0,0,0,0,0,0,0,0,0,0
